<?xml version='1.0' encoding='utf-8' ?>
<!DOCTYPE document SYSTEM "file:///C:/Xilinx/14.7/ISE_DS/ISE/xbr/data/xmlReportxbr.dtd">
<document><ascFile>Combined.rpt</ascFile><devFile>C:/Xilinx/14.7/ISE_DS/ISE/xbr/data/xc2c64a.chp</devFile><mfdFile>Combined.mfd</mfdFile><htmlFile logic_legend="logiclegend.htm" logo="coolrunnerII_logo.jpg" pin_legend="pinlegend.htm"/><header date=" 4- 4-2023" design="Combined" device="XC2C64A" eqnType="1" pkg="VQ44" speed="-7" status="10" statusStr="Design Rule Checking Failed" swVersion="P.20131013" time="  1:39PM" version="1.0"/><inputs id="Rx_Serial" userloc="P27"/><inputs id="CLK" userloc="P29"/><pin id="FB_PIN35" pinnum="35" use="VCCAUX"/><pin id="FB_PIN7" pinnum="7" use="VCCIO-UNUSED"/><pin id="FB_PIN15" pinnum="15" use="VCC"/><pin id="FB_PIN26" pinnum="26" use="VCCIO-UNUSED"/><failuretable><failsig name="B_0_OBUF"/><failsig name="B_1_OBUF"/><failsig name="B_2_OBUF"/><failsig name="B_3_OBUF"/><failsig name="B_4_OBUF"/><failsig name="B_5_OBUF"/><failsig name="B_6_OBUF"/><failsig name="B_7_OBUF"/><failsig name="EightCnt_out_OBUF"/><failsig name="Rx_CLK_OBUF"/><failsig name="Rx_CLR_OBUF"/><failsig name="Rx_Start_OBUF"/><failsig name="Rx_Stop_OBUF"/><failsig name="SR_0_OBUF"/><failsig name="SR_1_OBUF"/><failsig name="SR_2_OBUF"/><failsig name="SR_3_OBUF"/><failsig name="SR_4_OBUF"/><failsig name="SR_5_OBUF"/><failsig name="SR_6_OBUF"/><failsig name="SR_7_OBUF"/><failsig name="SixteenCnt_out_OBUF"/><failsig name="XLXI_21XLXN_38_SPECSIG"/><failsig name="XLXI_21XLXN_39_SPECSIG"/><failsig name="XLXI_21XLXN_40_SPECSIG"/><failsig name="XLXI_21XLXN_63_SPECSIG"/><failsig name="XLXI_21XLXN_64_SPECSIG"/><failsig name="XLXI_21XLXN_65_SPECSIG"/><failsig name="XLXI_21XLXN_66_SPECSIG"/><failsig name="XLXI_21XLXN_67_SPECSIG"/><failsig name="XLXI_21XLXN_71_SPECSIG"/><failsig name="XLXI_27Q1_SPECSIG"/><failsig name="XLXI_27Q2_SPECSIG"/><failsig name="XLXI_27Q3_SPECSIG"/><failsig name="XLXI_27XLXN_53_SPECSIG"/><failsig name="XLXI_27XLXN_54_SPECSIG"/><failsig name="XLXI_27XLXN_55_SPECSIG"/><failsig name="XLXI_27XLXN_77_SPECSIG"/><failsig name="XLXI_27XLXN_78_SPECSIG"/><failsig name="XLXI_36XLXN_13_SPECSIG"/><failsig name="XLXI_36XLXN_14_SPECSIG"/><failsig name="XLXI_36XLXN_15_SPECSIG"/><failsig name="XLXI_36XLXN_16_SPECSIG"/><failsig name="XLXI_36XLXN_18_SPECSIG"/><failsig name="XLXI_36XLXN_19_SPECSIG"/><failsig name="XLXI_36XLXN_20_SPECSIG"/><failsig name="XLXI_36XLXN_26_SPECSIG"/><failsig name="XLXI_36XLXN_28_SPECSIG"/><failsig name="XLXI_36XLXN_29_SPECSIG"/><failsig name="XLXI_36XLXN_31_SPECSIG"/><failsig name="XLXI_36XLXN_32_SPECSIG"/><failsig name="XLXI_36XLXN_33_SPECSIG"/><failsig name="XLXI_38XLXN_13_SPECSIG"/><failsig name="XLXI_38XLXN_14_SPECSIG"/><failsig name="XLXI_38XLXN_15_SPECSIG"/><failsig name="XLXI_38XLXN_16_SPECSIG"/><failsig name="XLXI_38XLXN_18_SPECSIG"/><failsig name="XLXI_38XLXN_19_SPECSIG"/><failsig name="XLXI_38XLXN_20_SPECSIG"/><failsig name="XLXI_38XLXN_26_SPECSIG"/><failsig name="XLXI_38XLXN_28_SPECSIG"/><failsig name="XLXI_38XLXN_29_SPECSIG"/><failsig name="XLXI_38XLXN_31_SPECSIG"/><failsig name="XLXI_38XLXN_32_SPECSIG"/><failsig name="XLXI_38XLXN_33_SPECSIG"/><failsig name="XLXI_41XLXI_1Q0_SPECSIG"/><failsig name="XLXI_41XLXI_1Q1_SPECSIG"/><failsig name="XLXI_41XLXI_1Q2_SPECSIG"/><failsig name="XLXI_41XLXI_1Q3_SPECSIG"/><failsig name="XLXI_41XLXI_1T2_SPECSIG"/><failsig name="XLXI_41XLXI_1T3_SPECSIG"/><failsig name="XLXI_42XLXI_1Q0_SPECSIG"/><failsig name="XLXI_42XLXI_1Q1_SPECSIG"/><failsig name="XLXI_42XLXI_1Q2_SPECSIG"/><failsig name="XLXI_42XLXI_1Q3_SPECSIG"/><failsig name="XLXI_42XLXI_1T2_SPECSIG"/><failsig name="XLXI_42XLXI_1T3_SPECSIG"/><failsig name="XLXN_58"/><failsig name="a0_OBUF"/><failsig name="a1_OBUF"/><failsig name="b0_OBUF"/><failsig name="b1_OBUF"/><failsig name="c0_OBUF"/><failsig name="c1_OBUF"/><failsig name="d0_OBUF"/><failsig name="d1_OBUF"/><failsig name="e0_OBUF"/><failsig name="e1_OBUF"/><failsig name="f0_OBUF"/><failsig name="f1_OBUF"/><failsig name="g0_OBUF"/><failsig name="g1_OBUF"/></failuretable><unmapped_logic><pterm id="DummyFB_1_1"><signal id="XLXI_42XLXI_1Q0_SPECSIG"/><signal id="XLXI_42XLXI_1Q1_SPECSIG"/><signal id="XLXI_42XLXI_1Q2_SPECSIG"/><signal id="XLXI_42XLXI_1Q3_SPECSIG"/></pterm><unmapped_eqn iostd="LVCMOS18" output="ON" sigUse="4"><equation id="Rx_Stop"><d2><eq_pterm ptindx="DummyFB_1_1"/></d2></equation></unmapped_eqn><pterm id="DummyFB_1_1"><signal id="XLXI_41XLXI_1Q0_SPECSIG"/><signal id="XLXI_41XLXI_1Q1_SPECSIG"/><signal id="XLXI_41XLXI_1Q2_SPECSIG"/><signal id="XLXI_41XLXI_1Q3_SPECSIG"/></pterm><unmapped_eqn iostd="LVCMOS18" output="ON" sigUse="4"><equation id="SixteenCnt_out"><d2><eq_pterm ptindx="DummyFB_1_1"/></d2></equation></unmapped_eqn><pterm id="DummyFB_1_1"><signal id="Rx_Serial"/></pterm><pterm id="DummyFB_1_2"><signal id="Rx_Stop"/></pterm><pterm id="DummyFB_1_3"><signal id="SixteenCnt_out"/></pterm><pterm id="DummyFB_1_4"><signal id="XLXN_58"/></pterm><unmapped_eqn iostd="LVCMOS18" output="ON" sigUse="4"><equation id="SR0_SPECSIG" regUse="DEFF"><d2><eq_pterm ptindx="DummyFB_1_1"/></d2><clk><eq_pterm ptindx="DummyFB_1_3"/></clk><reset><eq_pterm ptindx="DummyFB_1_2"/></reset><ce><eq_pterm ptindx="DummyFB_1_4"/></ce></equation></unmapped_eqn><pterm id="DummyFB_1_1"><signal id="SR0_SPECSIG"/></pterm><pterm id="DummyFB_1_2"><signal id="Rx_Stop"/></pterm><pterm id="DummyFB_1_3"><signal id="SixteenCnt_out"/></pterm><pterm id="DummyFB_1_4"><signal id="XLXN_58"/></pterm><unmapped_eqn iostd="LVCMOS18" output="ON" sigUse="4"><equation id="SR1_SPECSIG" regUse="DEFF"><d2><eq_pterm ptindx="DummyFB_1_1"/></d2><clk><eq_pterm ptindx="DummyFB_1_3"/></clk><reset><eq_pterm ptindx="DummyFB_1_2"/></reset><ce><eq_pterm ptindx="DummyFB_1_4"/></ce></equation></unmapped_eqn><pterm id="DummyFB_1_1"><signal id="SR1_SPECSIG"/></pterm><pterm id="DummyFB_1_2"><signal id="Rx_Stop"/></pterm><pterm id="DummyFB_1_3"><signal id="SixteenCnt_out"/></pterm><pterm id="DummyFB_1_4"><signal id="XLXN_58"/></pterm><unmapped_eqn iostd="LVCMOS18" output="ON" sigUse="4"><equation id="SR2_SPECSIG" regUse="DEFF"><d2><eq_pterm ptindx="DummyFB_1_1"/></d2><clk><eq_pterm ptindx="DummyFB_1_3"/></clk><reset><eq_pterm ptindx="DummyFB_1_2"/></reset><ce><eq_pterm ptindx="DummyFB_1_4"/></ce></equation></unmapped_eqn><pterm id="DummyFB_1_1"><signal id="SR2_SPECSIG"/></pterm><pterm id="DummyFB_1_2"><signal id="Rx_Stop"/></pterm><pterm id="DummyFB_1_3"><signal id="SixteenCnt_out"/></pterm><pterm id="DummyFB_1_4"><signal id="XLXN_58"/></pterm><unmapped_eqn iostd="LVCMOS18" output="ON" sigUse="4"><equation id="SR3_SPECSIG" regUse="DEFF"><d2><eq_pterm ptindx="DummyFB_1_1"/></d2><clk><eq_pterm ptindx="DummyFB_1_3"/></clk><reset><eq_pterm ptindx="DummyFB_1_2"/></reset><ce><eq_pterm ptindx="DummyFB_1_4"/></ce></equation></unmapped_eqn><pterm id="DummyFB_1_1"><signal id="SR3_SPECSIG"/></pterm><pterm id="DummyFB_1_2"><signal id="Rx_Stop"/></pterm><pterm id="DummyFB_1_3"><signal id="SixteenCnt_out"/></pterm><pterm id="DummyFB_1_4"><signal id="XLXN_58"/></pterm><unmapped_eqn iostd="LVCMOS18" output="ON" sigUse="4"><equation id="SR4_SPECSIG" regUse="DEFF"><d2><eq_pterm ptindx="DummyFB_1_1"/></d2><clk><eq_pterm ptindx="DummyFB_1_3"/></clk><reset><eq_pterm ptindx="DummyFB_1_2"/></reset><ce><eq_pterm ptindx="DummyFB_1_4"/></ce></equation></unmapped_eqn><pterm id="DummyFB_1_1"><signal id="SR4_SPECSIG"/></pterm><pterm id="DummyFB_1_2"><signal id="Rx_Stop"/></pterm><pterm id="DummyFB_1_3"><signal id="SixteenCnt_out"/></pterm><pterm id="DummyFB_1_4"><signal id="XLXN_58"/></pterm><unmapped_eqn iostd="LVCMOS18" output="ON" sigUse="4"><equation id="SR5_SPECSIG" regUse="DEFF"><d2><eq_pterm ptindx="DummyFB_1_1"/></d2><clk><eq_pterm ptindx="DummyFB_1_3"/></clk><reset><eq_pterm ptindx="DummyFB_1_2"/></reset><ce><eq_pterm ptindx="DummyFB_1_4"/></ce></equation></unmapped_eqn><pterm id="DummyFB_1_1"><signal id="SR5_SPECSIG"/></pterm><pterm id="DummyFB_1_2"><signal id="Rx_Stop"/></pterm><pterm id="DummyFB_1_3"><signal id="SixteenCnt_out"/></pterm><pterm id="DummyFB_1_4"><signal id="XLXN_58"/></pterm><unmapped_eqn iostd="LVCMOS18" output="ON" sigUse="4"><equation id="SR6_SPECSIG" regUse="DEFF"><d2><eq_pterm ptindx="DummyFB_1_1"/></d2><clk><eq_pterm ptindx="DummyFB_1_3"/></clk><reset><eq_pterm ptindx="DummyFB_1_2"/></reset><ce><eq_pterm ptindx="DummyFB_1_4"/></ce></equation></unmapped_eqn><pterm id="DummyFB_1_1"><signal id="SR6_SPECSIG"/></pterm><pterm id="DummyFB_1_2"><signal id="Rx_Stop"/></pterm><pterm id="DummyFB_1_3"><signal id="SixteenCnt_out"/></pterm><pterm id="DummyFB_1_4"><signal id="XLXN_58"/></pterm><unmapped_eqn iostd="LVCMOS18" output="ON" sigUse="4"><equation id="SR7_SPECSIG" regUse="DEFF"><d2><eq_pterm ptindx="DummyFB_1_1"/></d2><clk><eq_pterm ptindx="DummyFB_1_3"/></clk><reset><eq_pterm ptindx="DummyFB_1_2"/></reset><ce><eq_pterm ptindx="DummyFB_1_4"/></ce></equation></unmapped_eqn><pterm id="DummyFB_1_1"><signal id="XLXI_41XLXI_1Q0_SPECSIG" negated="ON"/></pterm><pterm id="DummyFB_1_2"><signal id="Rx_Stop"/></pterm><pterm id="DummyFB_1_3"><signal id="Rx_CLK"/></pterm><pterm id="DummyFB_1_4"><signal id="XLXN_58"/></pterm><unmapped_eqn sigUse="4"><equation id="XLXI_41XLXI_1Q0_SPECSIG" regUse="DEFF"><d2><eq_pterm ptindx="DummyFB_1_1"/></d2><clk><eq_pterm ptindx="DummyFB_1_3"/></clk><reset><eq_pterm ptindx="DummyFB_1_2"/></reset><ce><eq_pterm ptindx="DummyFB_1_4"/></ce></equation></unmapped_eqn><pterm id="DummyFB_1_1"><signal id="XLXI_42XLXI_1Q0_SPECSIG" negated="ON"/></pterm><pterm id="DummyFB_1_2"><signal id="Rx_Stop"/></pterm><pterm id="DummyFB_1_3"><signal id="Rx_CLK"/></pterm><pterm id="DummyFB_1_4"><signal id="EightCnt_out"/></pterm><unmapped_eqn sigUse="4"><equation id="XLXI_42XLXI_1Q0_SPECSIG" regUse="DEFF"><d2><eq_pterm ptindx="DummyFB_1_1"/></d2><clk><eq_pterm ptindx="DummyFB_1_3"/></clk><reset><eq_pterm ptindx="DummyFB_1_2"/></reset><ce><eq_pterm ptindx="DummyFB_1_4"/></ce></equation></unmapped_eqn><pterm id="DummyFB_1_1"><signal id="XLXI_41XLXI_1Q0_SPECSIG"/></pterm><pterm id="DummyFB_1_2"><signal id="XLXI_41XLXI_1Q1_SPECSIG"/></pterm><pterm id="DummyFB_1_3"><signal id="Rx_Stop"/></pterm><pterm id="DummyFB_1_4"><signal id="Rx_CLK"/></pterm><pterm id="DummyFB_1_5"><signal id="XLXN_58"/></pterm><unmapped_eqn sigUse="5"><equation id="XLXI_41XLXI_1Q1_SPECSIG" regUse="DEFF"><d1><eq_pterm ptindx="DummyFB_1_1"/></d1><d2><eq_pterm ptindx="DummyFB_1_2"/></d2><clk><eq_pterm ptindx="DummyFB_1_4"/></clk><reset><eq_pterm ptindx="DummyFB_1_3"/></reset><ce><eq_pterm ptindx="DummyFB_1_5"/></ce></equation></unmapped_eqn><pterm id="DummyFB_1_1"><signal id="XLXI_42XLXI_1Q0_SPECSIG"/></pterm><pterm id="DummyFB_1_2"><signal id="XLXI_42XLXI_1Q1_SPECSIG"/></pterm><pterm id="DummyFB_1_3"><signal id="Rx_Stop"/></pterm><pterm id="DummyFB_1_4"><signal id="Rx_CLK"/></pterm><pterm id="DummyFB_1_5"><signal id="EightCnt_out"/></pterm><unmapped_eqn sigUse="5"><equation id="XLXI_42XLXI_1Q1_SPECSIG" regUse="DEFF"><d1><eq_pterm ptindx="DummyFB_1_1"/></d1><d2><eq_pterm ptindx="DummyFB_1_2"/></d2><clk><eq_pterm ptindx="DummyFB_1_4"/></clk><reset><eq_pterm ptindx="DummyFB_1_3"/></reset><ce><eq_pterm ptindx="DummyFB_1_5"/></ce></equation></unmapped_eqn><pterm id="DummyFB_1_1"><signal id="XLXI_41XLXI_1T2_SPECSIG"/></pterm><pterm id="DummyFB_1_2"><signal id="XLXI_41XLXI_1Q2_SPECSIG"/></pterm><pterm id="DummyFB_1_3"><signal id="Rx_Stop"/></pterm><pterm id="DummyFB_1_4"><signal id="Rx_CLK"/></pterm><pterm id="DummyFB_1_5"><signal id="XLXN_58"/></pterm><unmapped_eqn sigUse="5"><equation id="XLXI_41XLXI_1Q2_SPECSIG" regUse="DEFF"><d1><eq_pterm ptindx="DummyFB_1_1"/></d1><d2><eq_pterm ptindx="DummyFB_1_2"/></d2><clk><eq_pterm ptindx="DummyFB_1_4"/></clk><reset><eq_pterm ptindx="DummyFB_1_3"/></reset><ce><eq_pterm ptindx="DummyFB_1_5"/></ce></equation></unmapped_eqn><pterm id="DummyFB_1_1"><signal id="XLXI_42XLXI_1T2_SPECSIG"/></pterm><pterm id="DummyFB_1_2"><signal id="XLXI_42XLXI_1Q2_SPECSIG"/></pterm><pterm id="DummyFB_1_3"><signal id="Rx_Stop"/></pterm><pterm id="DummyFB_1_4"><signal id="Rx_CLK"/></pterm><pterm id="DummyFB_1_5"><signal id="EightCnt_out"/></pterm><unmapped_eqn sigUse="5"><equation id="XLXI_42XLXI_1Q2_SPECSIG" regUse="DEFF"><d1><eq_pterm ptindx="DummyFB_1_1"/></d1><d2><eq_pterm ptindx="DummyFB_1_2"/></d2><clk><eq_pterm ptindx="DummyFB_1_4"/></clk><reset><eq_pterm ptindx="DummyFB_1_3"/></reset><ce><eq_pterm ptindx="DummyFB_1_5"/></ce></equation></unmapped_eqn><pterm id="DummyFB_1_1"><signal id="XLXI_41XLXI_1T3_SPECSIG"/></pterm><pterm id="DummyFB_1_2"><signal id="XLXI_41XLXI_1Q3_SPECSIG"/></pterm><pterm id="DummyFB_1_3"><signal id="Rx_Stop"/></pterm><pterm id="DummyFB_1_4"><signal id="Rx_CLK"/></pterm><pterm id="DummyFB_1_5"><signal id="XLXN_58"/></pterm><unmapped_eqn sigUse="5"><equation id="XLXI_41XLXI_1Q3_SPECSIG" regUse="DEFF"><d1><eq_pterm ptindx="DummyFB_1_1"/></d1><d2><eq_pterm ptindx="DummyFB_1_2"/></d2><clk><eq_pterm ptindx="DummyFB_1_4"/></clk><reset><eq_pterm ptindx="DummyFB_1_3"/></reset><ce><eq_pterm ptindx="DummyFB_1_5"/></ce></equation></unmapped_eqn><pterm id="DummyFB_1_1"><signal id="XLXI_42XLXI_1T3_SPECSIG"/></pterm><pterm id="DummyFB_1_2"><signal id="XLXI_42XLXI_1Q3_SPECSIG"/></pterm><pterm id="DummyFB_1_3"><signal id="Rx_Stop"/></pterm><pterm id="DummyFB_1_4"><signal id="Rx_CLK"/></pterm><pterm id="DummyFB_1_5"><signal id="EightCnt_out"/></pterm><unmapped_eqn sigUse="5"><equation id="XLXI_42XLXI_1Q3_SPECSIG" regUse="DEFF"><d1><eq_pterm ptindx="DummyFB_1_1"/></d1><d2><eq_pterm ptindx="DummyFB_1_2"/></d2><clk><eq_pterm ptindx="DummyFB_1_4"/></clk><reset><eq_pterm ptindx="DummyFB_1_3"/></reset><ce><eq_pterm ptindx="DummyFB_1_5"/></ce></equation></unmapped_eqn><pterm id="DummyFB_1_1"><signal id="Rx_Serial" negated="ON"/><signal id="XLXI_21XLXN_40_SPECSIG"/><signal id="XLXI_21XLXN_39_SPECSIG"/><signal id="XLXI_21XLXN_38_SPECSIG" negated="ON"/></pterm><unmapped_eqn sigUse="4"><equation id="XLXI_21XLXN_65_SPECSIG"><d2><eq_pterm ptindx="DummyFB_1_1"/></d2></equation></unmapped_eqn><pterm id="DummyFB_1_1"><signal id="Rx_Serial" negated="ON"/><signal id="XLXI_21XLXN_40_SPECSIG"/><signal id="XLXI_21XLXN_39_SPECSIG"/><signal id="XLXI_21XLXN_38_SPECSIG"/></pterm><unmapped_eqn sigUse="4"><equation id="XLXI_21XLXN_71_SPECSIG"><d2><eq_pterm ptindx="DummyFB_1_1"/></d2></equation></unmapped_eqn><pterm id="DummyFB_1_1"><signal id="B4_SPECSIG" negated="ON"/><signal id="B5_SPECSIG" negated="ON"/><signal id="B6_SPECSIG" negated="ON"/><signal id="B7_SPECSIG"/></pterm><unmapped_eqn sigUse="4"><equation id="XLXI_36XLXN_13_SPECSIG"><d2><eq_pterm ptindx="DummyFB_1_1"/></d2></equation></unmapped_eqn><pterm id="DummyFB_1_1"><signal id="B4_SPECSIG" negated="ON"/><signal id="B5_SPECSIG" negated="ON"/><signal id="B6_SPECSIG" negated="ON"/><signal id="B7_SPECSIG"/></pterm><unmapped_eqn sigUse="4"><equation id="XLXI_36XLXN_18_SPECSIG"><d2><eq_pterm ptindx="DummyFB_1_1"/></d2></equation></unmapped_eqn><pterm id="DummyFB_1_1"><signal id="B0_SPECSIG" negated="ON"/><signal id="B1_SPECSIG" negated="ON"/><signal id="B2_SPECSIG" negated="ON"/><signal id="B3_SPECSIG"/></pterm><unmapped_eqn sigUse="4"><equation id="XLXI_38XLXN_13_SPECSIG"><d2><eq_pterm ptindx="DummyFB_1_1"/></d2></equation></unmapped_eqn><pterm id="DummyFB_1_1"><signal id="B0_SPECSIG" negated="ON"/><signal id="B1_SPECSIG" negated="ON"/><signal id="B2_SPECSIG" negated="ON"/><signal id="B3_SPECSIG"/></pterm><unmapped_eqn sigUse="4"><equation id="XLXI_38XLXN_18_SPECSIG"><d2><eq_pterm ptindx="DummyFB_1_1"/></d2></equation></unmapped_eqn><pterm id="DummyFB_1_1"><signal id="XLXI_27Q1_SPECSIG"/><signal id="XLXI_27Q2_SPECSIG"/><signal id="XLXI_27Q3_SPECSIG"/></pterm><pterm id="DummyFB_1_2"><signal id="Rx_Stop"/></pterm><pterm id="DummyFB_1_3"><signal id="SixteenCnt_out"/></pterm><unmapped_eqn iostd="LVCMOS18" output="ON" sigUse="5"><equation id="EightCnt_out" regUse="DFF"><d2><eq_pterm ptindx="DummyFB_1_1"/></d2><clk><eq_pterm ptindx="DummyFB_1_3"/></clk><reset><eq_pterm ptindx="DummyFB_1_2"/></reset></equation></unmapped_eqn><pterm id="DummyFB_1_1"><signal id="XLXI_21XLXN_71_SPECSIG"/></pterm><pterm id="DummyFB_1_2"><signal id="Rx_Start"/></pterm><pterm id="DummyFB_1_3"><signal id="Rx_Stop"/></pterm><pterm id="DummyFB_1_4"><signal id="Rx_CLK"/></pterm><unmapped_eqn iostd="LVCMOS18" output="ON" sigUse="4"><equation id="Rx_Start" regUse="DFF"><d2><eq_pterm ptindx="DummyFB_1_1"/><eq_pterm ptindx="DummyFB_1_2"/></d2><clk><eq_pterm ptindx="DummyFB_1_4"/></clk><reset><eq_pterm ptindx="DummyFB_1_3"/></reset></equation></unmapped_eqn><pterm id="DummyFB_1_1"><signal id="Rx_Serial" negated="ON"/><signal id="XLXI_21XLXN_40_SPECSIG" negated="ON"/><signal id="Rx_Start" negated="ON"/></pterm><pterm id="DummyFB_1_2"><signal id="Rx_Stop"/></pterm><pterm id="DummyFB_1_3"><signal id="Rx_CLK"/></pterm><unmapped_eqn sigUse="5"><equation id="XLXI_21XLXN_40_SPECSIG" regUse="DFF"><d2><eq_pterm ptindx="DummyFB_1_1"/></d2><clk><eq_pterm ptindx="DummyFB_1_3"/></clk><reset><eq_pterm ptindx="DummyFB_1_2"/></reset></equation></unmapped_eqn><pterm id="DummyFB_1_1"><signal id="EightCnt_out" negated="ON"/><signal id="XLXI_27Q3_SPECSIG" negated="ON"/></pterm><pterm id="DummyFB_1_2"><signal id="Rx_Stop"/></pterm><pterm id="DummyFB_1_3"><signal id="SixteenCnt_out"/></pterm><unmapped_eqn sigUse="4"><equation id="XLXI_27Q3_SPECSIG" regUse="DFF"><d2><eq_pterm ptindx="DummyFB_1_1"/></d2><clk><eq_pterm ptindx="DummyFB_1_3"/></clk><reset><eq_pterm ptindx="DummyFB_1_2"/></reset></equation></unmapped_eqn><pterm id="DummyFB_1_1"><signal id="XLXI_21XLXN_64_SPECSIG"/></pterm><pterm id="DummyFB_1_2"><signal id="XLXI_21XLXN_63_SPECSIG"/></pterm><pterm id="DummyFB_1_3"><signal id="Rx_Stop"/></pterm><pterm id="DummyFB_1_4"><signal id="Rx_CLK"/></pterm><unmapped_eqn sigUse="4"><equation id="XLXI_21XLXN_39_SPECSIG" regUse="DFF"><d2><eq_pterm ptindx="DummyFB_1_1"/><eq_pterm ptindx="DummyFB_1_2"/></d2><clk><eq_pterm ptindx="DummyFB_1_4"/></clk><reset><eq_pterm ptindx="DummyFB_1_3"/></reset></equation></unmapped_eqn><pterm id="DummyFB_1_1"><signal id="XLXI_27XLXN_77_SPECSIG"/></pterm><pterm id="DummyFB_1_2"><signal id="XLXI_27XLXN_78_SPECSIG"/></pterm><pterm id="DummyFB_1_3"><signal id="Rx_Stop"/></pterm><pterm id="DummyFB_1_4"><signal id="SixteenCnt_out"/></pterm><unmapped_eqn sigUse="4"><equation id="XLXI_27Q2_SPECSIG" regUse="DFF"><d2><eq_pterm ptindx="DummyFB_1_1"/><eq_pterm ptindx="DummyFB_1_2"/></d2><clk><eq_pterm ptindx="DummyFB_1_4"/></clk><reset><eq_pterm ptindx="DummyFB_1_3"/></reset></equation></unmapped_eqn><pterm id="DummyFB_1_1"><signal id="XLXI_21XLXN_67_SPECSIG"/></pterm><pterm id="DummyFB_1_2"><signal id="XLXI_21XLXN_66_SPECSIG"/></pterm><pterm id="DummyFB_1_3"><signal id="XLXI_21XLXN_65_SPECSIG"/></pterm><pterm id="DummyFB_1_4"><signal id="Rx_Stop"/></pterm><pterm id="DummyFB_1_5"><signal id="Rx_CLK"/></pterm><unmapped_eqn sigUse="5"><equation id="XLXI_21XLXN_38_SPECSIG" regUse="DFF"><d2><eq_pterm ptindx="DummyFB_1_1"/><eq_pterm ptindx="DummyFB_1_2"/><eq_pterm ptindx="DummyFB_1_3"/></d2><clk><eq_pterm ptindx="DummyFB_1_5"/></clk><reset><eq_pterm ptindx="DummyFB_1_4"/></reset></equation></unmapped_eqn><pterm id="DummyFB_1_1"><signal id="XLXI_27XLXN_53_SPECSIG"/></pterm><pterm id="DummyFB_1_2"><signal id="XLXI_27XLXN_54_SPECSIG"/></pterm><pterm id="DummyFB_1_3"><signal id="XLXI_27XLXN_55_SPECSIG"/></pterm><pterm id="DummyFB_1_4"><signal id="Rx_Stop"/></pterm><pterm id="DummyFB_1_5"><signal id="SixteenCnt_out"/></pterm><unmapped_eqn sigUse="5"><equation id="XLXI_27Q1_SPECSIG" regUse="DFF"><d2><eq_pterm ptindx="DummyFB_1_1"/><eq_pterm ptindx="DummyFB_1_2"/><eq_pterm ptindx="DummyFB_1_3"/></d2><clk><eq_pterm ptindx="DummyFB_1_5"/></clk><reset><eq_pterm ptindx="DummyFB_1_4"/></reset></equation></unmapped_eqn><pterm id="DummyFB_1_1"><signal id="Rx_Serial" negated="ON"/><signal id="XLXI_21XLXN_40_SPECSIG" negated="ON"/><signal id="XLXI_21XLXN_39_SPECSIG"/></pterm><unmapped_eqn sigUse="3"><equation id="XLXI_21XLXN_63_SPECSIG"><d2><eq_pterm ptindx="DummyFB_1_1"/></d2></equation></unmapped_eqn><pterm id="DummyFB_1_1"><signal id="Rx_Serial" negated="ON"/><signal id="XLXI_21XLXN_40_SPECSIG"/><signal id="XLXI_21XLXN_39_SPECSIG" negated="ON"/></pterm><unmapped_eqn sigUse="3"><equation id="XLXI_21XLXN_64_SPECSIG"><d2><eq_pterm ptindx="DummyFB_1_1"/></d2></equation></unmapped_eqn><pterm id="DummyFB_1_1"><signal id="Rx_Serial" negated="ON"/><signal id="XLXI_21XLXN_40_SPECSIG" negated="ON"/><signal id="XLXI_21XLXN_38_SPECSIG"/></pterm><unmapped_eqn sigUse="3"><equation id="XLXI_21XLXN_66_SPECSIG"><d2><eq_pterm ptindx="DummyFB_1_1"/></d2></equation></unmapped_eqn><pterm id="DummyFB_1_1"><signal id="Rx_Serial" negated="ON"/><signal id="XLXI_21XLXN_39_SPECSIG" negated="ON"/><signal id="XLXI_21XLXN_38_SPECSIG"/></pterm><unmapped_eqn sigUse="3"><equation id="XLXI_21XLXN_67_SPECSIG"><d2><eq_pterm ptindx="DummyFB_1_1"/></d2></equation></unmapped_eqn><pterm id="DummyFB_1_1"><signal id="XLXI_27Q1_SPECSIG" negated="ON"/><signal id="XLXI_27Q2_SPECSIG"/><signal id="XLXI_27Q3_SPECSIG"/></pterm><unmapped_eqn sigUse="3"><equation id="XLXI_27XLXN_55_SPECSIG"><d2><eq_pterm ptindx="DummyFB_1_1"/></d2></equation></unmapped_eqn><pterm id="DummyFB_1_1"><signal id="B5_SPECSIG"/><signal id="B6_SPECSIG" negated="ON"/><signal id="B7_SPECSIG" negated="ON"/></pterm><unmapped_eqn sigUse="3"><equation id="XLXI_36XLXN_14_SPECSIG"><d2><eq_pterm ptindx="DummyFB_1_1"/></d2></equation></unmapped_eqn><pterm id="DummyFB_1_1"><signal id="B5_SPECSIG"/><signal id="B6_SPECSIG" negated="ON"/><signal id="B7_SPECSIG"/></pterm><unmapped_eqn sigUse="3"><equation id="XLXI_36XLXN_15_SPECSIG"><d2><eq_pterm ptindx="DummyFB_1_1"/></d2></equation></unmapped_eqn><pterm id="DummyFB_1_1"><signal id="B5_SPECSIG"/><signal id="B6_SPECSIG" negated="ON"/><signal id="B7_SPECSIG" negated="ON"/></pterm><unmapped_eqn sigUse="3"><equation id="XLXI_36XLXN_16_SPECSIG"><d2><eq_pterm ptindx="DummyFB_1_1"/></d2></equation></unmapped_eqn><pterm id="DummyFB_1_1"><signal id="B5_SPECSIG"/><signal id="B6_SPECSIG" negated="ON"/><signal id="B7_SPECSIG" negated="ON"/></pterm><unmapped_eqn sigUse="3"><equation id="XLXI_36XLXN_19_SPECSIG"><d2><eq_pterm ptindx="DummyFB_1_1"/></d2></equation></unmapped_eqn><pterm id="DummyFB_1_1"><signal id="B5_SPECSIG"/><signal id="B6_SPECSIG"/><signal id="B7_SPECSIG"/></pterm><unmapped_eqn sigUse="3"><equation id="XLXI_36XLXN_20_SPECSIG"><d2><eq_pterm ptindx="DummyFB_1_1"/></d2></equation></unmapped_eqn><pterm id="DummyFB_1_1"><signal id="B4_SPECSIG" negated="ON"/><signal id="B5_SPECSIG" negated="ON"/><signal id="B7_SPECSIG"/></pterm><unmapped_eqn sigUse="3"><equation id="XLXI_36XLXN_28_SPECSIG"><d2><eq_pterm ptindx="DummyFB_1_1"/></d2></equation></unmapped_eqn><pterm id="DummyFB_1_1"><signal id="B4_SPECSIG" negated="ON"/><signal id="B5_SPECSIG" negated="ON"/><signal id="B6_SPECSIG" negated="ON"/></pterm><unmapped_eqn sigUse="3"><equation id="XLXI_36XLXN_32_SPECSIG"><d2><eq_pterm ptindx="DummyFB_1_1"/></d2></equation></unmapped_eqn><pterm id="DummyFB_1_1"><signal id="B5_SPECSIG"/><signal id="B6_SPECSIG"/><signal id="B7_SPECSIG"/></pterm><unmapped_eqn sigUse="3"><equation id="XLXI_36XLXN_33_SPECSIG"><d2><eq_pterm ptindx="DummyFB_1_1"/></d2></equation></unmapped_eqn><pterm id="DummyFB_1_1"><signal id="B1_SPECSIG"/><signal id="B2_SPECSIG" negated="ON"/><signal id="B3_SPECSIG" negated="ON"/></pterm><unmapped_eqn sigUse="3"><equation id="XLXI_38XLXN_14_SPECSIG"><d2><eq_pterm ptindx="DummyFB_1_1"/></d2></equation></unmapped_eqn><pterm id="DummyFB_1_1"><signal id="B1_SPECSIG"/><signal id="B2_SPECSIG" negated="ON"/><signal id="B3_SPECSIG"/></pterm><unmapped_eqn sigUse="3"><equation id="XLXI_38XLXN_15_SPECSIG"><d2><eq_pterm ptindx="DummyFB_1_1"/></d2></equation></unmapped_eqn><pterm id="DummyFB_1_1"><signal id="B1_SPECSIG"/><signal id="B2_SPECSIG" negated="ON"/><signal id="B3_SPECSIG" negated="ON"/></pterm><unmapped_eqn sigUse="3"><equation id="XLXI_38XLXN_16_SPECSIG"><d2><eq_pterm ptindx="DummyFB_1_1"/></d2></equation></unmapped_eqn><pterm id="DummyFB_1_1"><signal id="B1_SPECSIG"/><signal id="B2_SPECSIG" negated="ON"/><signal id="B3_SPECSIG" negated="ON"/></pterm><unmapped_eqn sigUse="3"><equation id="XLXI_38XLXN_19_SPECSIG"><d2><eq_pterm ptindx="DummyFB_1_1"/></d2></equation></unmapped_eqn><pterm id="DummyFB_1_1"><signal id="B1_SPECSIG"/><signal id="B2_SPECSIG"/><signal id="B3_SPECSIG"/></pterm><unmapped_eqn sigUse="3"><equation id="XLXI_38XLXN_20_SPECSIG"><d2><eq_pterm ptindx="DummyFB_1_1"/></d2></equation></unmapped_eqn><pterm id="DummyFB_1_1"><signal id="B0_SPECSIG" negated="ON"/><signal id="B1_SPECSIG" negated="ON"/><signal id="B3_SPECSIG"/></pterm><unmapped_eqn sigUse="3"><equation id="XLXI_38XLXN_28_SPECSIG"><d2><eq_pterm ptindx="DummyFB_1_1"/></d2></equation></unmapped_eqn><pterm id="DummyFB_1_1"><signal id="B0_SPECSIG" negated="ON"/><signal id="B1_SPECSIG" negated="ON"/><signal id="B2_SPECSIG" negated="ON"/></pterm><unmapped_eqn sigUse="3"><equation id="XLXI_38XLXN_32_SPECSIG"><d2><eq_pterm ptindx="DummyFB_1_1"/></d2></equation></unmapped_eqn><pterm id="DummyFB_1_1"><signal id="B1_SPECSIG"/><signal id="B2_SPECSIG"/><signal id="B3_SPECSIG"/></pterm><unmapped_eqn sigUse="3"><equation id="XLXI_38XLXN_33_SPECSIG"><d2><eq_pterm ptindx="DummyFB_1_1"/></d2></equation></unmapped_eqn><pterm id="DummyFB_1_1"><signal id="XLXI_41XLXI_1Q0_SPECSIG"/><signal id="XLXI_41XLXI_1Q1_SPECSIG"/><signal id="XLXI_41XLXI_1Q2_SPECSIG"/></pterm><unmapped_eqn sigUse="3"><equation id="XLXI_41XLXI_1T3_SPECSIG"><d2><eq_pterm ptindx="DummyFB_1_1"/></d2></equation></unmapped_eqn><pterm id="DummyFB_1_1"><signal id="XLXI_42XLXI_1Q0_SPECSIG"/><signal id="XLXI_42XLXI_1Q1_SPECSIG"/><signal id="XLXI_42XLXI_1Q2_SPECSIG"/></pterm><unmapped_eqn sigUse="3"><equation id="XLXI_42XLXI_1T3_SPECSIG"><d2><eq_pterm ptindx="DummyFB_1_1"/></d2></equation></unmapped_eqn><pterm id="DummyFB_1_1"><signal id="XLXI_36XLXN_18_SPECSIG"/></pterm><pterm id="DummyFB_1_2"><signal id="XLXI_36XLXN_20_SPECSIG"/></pterm><pterm id="DummyFB_1_3"><signal id="XLXI_36XLXN_19_SPECSIG"/></pterm><unmapped_eqn iostd="LVCMOS18" output="ON" pinnum="P12" sigUse="3"><equation id="d0"><d2><eq_pterm ptindx="DummyFB_1_1"/><eq_pterm ptindx="DummyFB_1_2"/><eq_pterm ptindx="DummyFB_1_3"/></d2></equation></unmapped_eqn><pterm id="DummyFB_1_1"><signal id="XLXI_38XLXN_18_SPECSIG"/></pterm><pterm id="DummyFB_1_2"><signal id="XLXI_38XLXN_20_SPECSIG"/></pterm><pterm id="DummyFB_1_3"><signal id="XLXI_38XLXN_19_SPECSIG"/></pterm><unmapped_eqn iostd="LVCMOS18" output="ON" pinnum="P36" sigUse="3"><equation id="d1"><d2><eq_pterm ptindx="DummyFB_1_1"/><eq_pterm ptindx="DummyFB_1_2"/><eq_pterm ptindx="DummyFB_1_3"/></d2></equation></unmapped_eqn><pterm id="DummyFB_1_1"><signal id="XLXI_36XLXN_28_SPECSIG"/></pterm><pterm id="DummyFB_1_2"><signal id="XLXI_36XLXN_29_SPECSIG"/></pterm><pterm id="DummyFB_1_3"><signal id="XLXI_36XLXN_31_SPECSIG"/></pterm><unmapped_eqn iostd="LVCMOS18" output="ON" pinnum="P14" sigUse="3"><equation id="f0"><d2><eq_pterm ptindx="DummyFB_1_1"/><eq_pterm ptindx="DummyFB_1_2"/><eq_pterm ptindx="DummyFB_1_3"/></d2></equation></unmapped_eqn><pterm id="DummyFB_1_1"><signal id="XLXI_38XLXN_28_SPECSIG"/></pterm><pterm id="DummyFB_1_2"><signal id="XLXI_38XLXN_29_SPECSIG"/></pterm><pterm id="DummyFB_1_3"><signal id="XLXI_38XLXN_31_SPECSIG"/></pterm><unmapped_eqn iostd="LVCMOS18" output="ON" pinnum="P37" sigUse="3"><equation id="f1"><d2><eq_pterm ptindx="DummyFB_1_1"/><eq_pterm ptindx="DummyFB_1_2"/><eq_pterm ptindx="DummyFB_1_3"/></d2></equation></unmapped_eqn><pterm id="DummyFB_1_1"><signal id="B5_SPECSIG" negated="ON"/><signal id="B6_SPECSIG"/><signal id="B7_SPECSIG" negated="ON"/></pterm><unmapped_eqn iostd="LVCMOS18" output="ON" pinnum="P8" sigUse="3"><equation id="c0"><d2><eq_pterm ptindx="DummyFB_1_1"/></d2></equation></unmapped_eqn><pterm id="DummyFB_1_1"><signal id="B1_SPECSIG" negated="ON"/><signal id="B2_SPECSIG"/><signal id="B3_SPECSIG" negated="ON"/></pterm><unmapped_eqn iostd="LVCMOS18" output="ON" pinnum="P33" sigUse="3"><equation id="c1"><d2><eq_pterm ptindx="DummyFB_1_1"/></d2></equation></unmapped_eqn><pterm id="DummyFB_1_1"><signal id="SR1_SPECSIG"/></pterm><pterm id="DummyFB_1_2"><signal id="EightCnt_out"/></pterm><unmapped_eqn iostd="LVCMOS18" output="ON" sigUse="2"><equation id="B1_SPECSIG" regUse="DEFF"><d2><eq_pterm ptindx="DummyFB_1_1"/></d2><clk><eq_pterm ptindx="DummyFB_1_2"/></clk><ce><eq_pterm ptindx="DummyFB_1_2"/></ce></equation></unmapped_eqn><pterm id="DummyFB_1_1"><signal id="SR2_SPECSIG"/></pterm><pterm id="DummyFB_1_2"><signal id="EightCnt_out"/></pterm><unmapped_eqn iostd="LVCMOS18" output="ON" sigUse="2"><equation id="B2_SPECSIG" regUse="DEFF"><d2><eq_pterm ptindx="DummyFB_1_1"/></d2><clk><eq_pterm ptindx="DummyFB_1_2"/></clk><ce><eq_pterm ptindx="DummyFB_1_2"/></ce></equation></unmapped_eqn><pterm id="DummyFB_1_1"><signal id="SR5_SPECSIG"/></pterm><pterm id="DummyFB_1_2"><signal id="EightCnt_out"/></pterm><unmapped_eqn iostd="LVCMOS18" output="ON" sigUse="2"><equation id="B5_SPECSIG" regUse="DEFF"><d2><eq_pterm ptindx="DummyFB_1_1"/></d2><clk><eq_pterm ptindx="DummyFB_1_2"/></clk><ce><eq_pterm ptindx="DummyFB_1_2"/></ce></equation></unmapped_eqn><pterm id="DummyFB_1_1"><signal id="SR6_SPECSIG"/></pterm><pterm id="DummyFB_1_2"><signal id="EightCnt_out"/></pterm><unmapped_eqn iostd="LVCMOS18" output="ON" sigUse="2"><equation id="B6_SPECSIG" regUse="DEFF"><d2><eq_pterm ptindx="DummyFB_1_1"/></d2><clk><eq_pterm ptindx="DummyFB_1_2"/></clk><ce><eq_pterm ptindx="DummyFB_1_2"/></ce></equation></unmapped_eqn><pterm id="DummyFB_1_1"><signal id="Rx_CLK" negated="ON"/></pterm><pterm id="DummyFB_1_2"><signal id="CLK"/></pterm><unmapped_eqn iostd="LVCMOS18" output="ON" pinnum="P28" sigUse="2"><equation id="Rx_CLK" regUse="DFF"><d2><eq_pterm ptindx="DummyFB_1_1"/></d2><clk><eq_pterm ptindx="DummyFB_1_2"/></clk></equation></unmapped_eqn><pterm id="DummyFB_1_1"><signal id="SR3_SPECSIG"/></pterm><pterm id="DummyFB_1_2"><signal id="EightCnt_out"/></pterm><unmapped_eqn iostd="LVCMOS18" output="ON" sigUse="2"><equation id="B3_SPECSIG" regUse="DEFF"><d2><eq_pterm ptindx="DummyFB_1_1"/></d2><clk><eq_pterm ptindx="DummyFB_1_2"/></clk><ce><eq_pterm ptindx="DummyFB_1_2"/></ce></equation></unmapped_eqn><pterm id="DummyFB_1_1"><signal id="SR7_SPECSIG"/></pterm><pterm id="DummyFB_1_2"><signal id="EightCnt_out"/></pterm><unmapped_eqn iostd="LVCMOS18" output="ON" sigUse="2"><equation id="B7_SPECSIG" regUse="DEFF"><d2><eq_pterm ptindx="DummyFB_1_1"/></d2><clk><eq_pterm ptindx="DummyFB_1_2"/></clk><ce><eq_pterm ptindx="DummyFB_1_2"/></ce></equation></unmapped_eqn><pterm id="DummyFB_1_1"><signal id="SR0_SPECSIG"/></pterm><pterm id="DummyFB_1_2"><signal id="EightCnt_out"/></pterm><unmapped_eqn iostd="LVCMOS18" output="ON" sigUse="2"><equation id="B0_SPECSIG" regUse="DEFF"><d2><eq_pterm ptindx="DummyFB_1_1"/></d2><clk><eq_pterm ptindx="DummyFB_1_2"/></clk><ce><eq_pterm ptindx="DummyFB_1_2"/></ce></equation></unmapped_eqn><pterm id="DummyFB_1_1"><signal id="SR4_SPECSIG"/></pterm><pterm id="DummyFB_1_2"><signal id="EightCnt_out"/></pterm><unmapped_eqn iostd="LVCMOS18" output="ON" sigUse="2"><equation id="B4_SPECSIG" regUse="DEFF"><d2><eq_pterm ptindx="DummyFB_1_1"/></d2><clk><eq_pterm ptindx="DummyFB_1_2"/></clk><ce><eq_pterm ptindx="DummyFB_1_2"/></ce></equation></unmapped_eqn><pterm id="DummyFB_1_1"><signal id="Rx_Start"/><signal id="EightCnt_out" negated="ON"/></pterm><unmapped_eqn sigUse="2"><equation id="XLXN_58"><d2><eq_pterm ptindx="DummyFB_1_1"/></d2></equation></unmapped_eqn><pterm id="DummyFB_1_1"><signal id="XLXI_27Q1_SPECSIG"/><signal id="XLXI_27Q2_SPECSIG" negated="ON"/></pterm><unmapped_eqn sigUse="2"><equation id="XLXI_27XLXN_53_SPECSIG"><d2><eq_pterm ptindx="DummyFB_1_1"/></d2></equation></unmapped_eqn><pterm id="DummyFB_1_1"><signal id="XLXI_27Q1_SPECSIG"/><signal id="XLXI_27Q3_SPECSIG" negated="ON"/></pterm><unmapped_eqn sigUse="2"><equation id="XLXI_27XLXN_54_SPECSIG"><d2><eq_pterm ptindx="DummyFB_1_1"/></d2></equation></unmapped_eqn><pterm id="DummyFB_1_1"><signal id="XLXI_27Q2_SPECSIG"/><signal id="XLXI_27Q3_SPECSIG" negated="ON"/></pterm><unmapped_eqn sigUse="2"><equation id="XLXI_27XLXN_77_SPECSIG"><d2><eq_pterm ptindx="DummyFB_1_1"/></d2></equation></unmapped_eqn><pterm id="DummyFB_1_1"><signal id="XLXI_27Q2_SPECSIG" negated="ON"/><signal id="XLXI_27Q3_SPECSIG"/></pterm><unmapped_eqn sigUse="2"><equation id="XLXI_27XLXN_78_SPECSIG"><d2><eq_pterm ptindx="DummyFB_1_1"/></d2></equation></unmapped_eqn><pterm id="DummyFB_1_1"><signal id="B5_SPECSIG"/><signal id="B6_SPECSIG" negated="ON"/></pterm><unmapped_eqn sigUse="2"><equation id="XLXI_36XLXN_26_SPECSIG"><d2><eq_pterm ptindx="DummyFB_1_1"/></d2></equation></unmapped_eqn><pterm id="DummyFB_1_1"><signal id="B5_SPECSIG" negated="ON"/><signal id="B6_SPECSIG"/></pterm><unmapped_eqn sigUse="2"><equation id="XLXI_36XLXN_29_SPECSIG"><d2><eq_pterm ptindx="DummyFB_1_1"/></d2></equation></unmapped_eqn><pterm id="DummyFB_1_1"><signal id="B6_SPECSIG"/><signal id="B7_SPECSIG"/></pterm><unmapped_eqn sigUse="2"><equation id="XLXI_36XLXN_31_SPECSIG"><d2><eq_pterm ptindx="DummyFB_1_1"/></d2></equation></unmapped_eqn><pterm id="DummyFB_1_1"><signal id="B1_SPECSIG"/><signal id="B2_SPECSIG" negated="ON"/></pterm><unmapped_eqn sigUse="2"><equation id="XLXI_38XLXN_26_SPECSIG"><d2><eq_pterm ptindx="DummyFB_1_1"/></d2></equation></unmapped_eqn><pterm id="DummyFB_1_1"><signal id="B1_SPECSIG" negated="ON"/><signal id="B2_SPECSIG"/></pterm><unmapped_eqn sigUse="2"><equation id="XLXI_38XLXN_29_SPECSIG"><d2><eq_pterm ptindx="DummyFB_1_1"/></d2></equation></unmapped_eqn><pterm id="DummyFB_1_1"><signal id="B2_SPECSIG"/><signal id="B3_SPECSIG"/></pterm><unmapped_eqn sigUse="2"><equation id="XLXI_38XLXN_31_SPECSIG"><d2><eq_pterm ptindx="DummyFB_1_1"/></d2></equation></unmapped_eqn><pterm id="DummyFB_1_1"><signal id="XLXI_41XLXI_1Q0_SPECSIG"/><signal id="XLXI_41XLXI_1Q1_SPECSIG"/></pterm><unmapped_eqn sigUse="2"><equation id="XLXI_41XLXI_1T2_SPECSIG"><d2><eq_pterm ptindx="DummyFB_1_1"/></d2></equation></unmapped_eqn><pterm id="DummyFB_1_1"><signal id="XLXI_42XLXI_1Q0_SPECSIG"/><signal id="XLXI_42XLXI_1Q1_SPECSIG"/></pterm><unmapped_eqn sigUse="2"><equation id="XLXI_42XLXI_1T2_SPECSIG"><d2><eq_pterm ptindx="DummyFB_1_1"/></d2></equation></unmapped_eqn><pterm id="DummyFB_1_1"><signal id="XLXI_36XLXN_13_SPECSIG"/></pterm><pterm id="DummyFB_1_2"><signal id="XLXI_36XLXN_14_SPECSIG"/></pterm><unmapped_eqn iostd="LVCMOS18" output="ON" pinnum="P5" sigUse="2"><equation id="a0"><d2><eq_pterm ptindx="DummyFB_1_1"/><eq_pterm ptindx="DummyFB_1_2"/></d2></equation></unmapped_eqn><pterm id="DummyFB_1_1"><signal id="XLXI_38XLXN_13_SPECSIG"/></pterm><pterm id="DummyFB_1_2"><signal id="XLXI_38XLXN_14_SPECSIG"/></pterm><unmapped_eqn iostd="LVCMOS18" output="ON" pinnum="P31" sigUse="2"><equation id="a1"><d2><eq_pterm ptindx="DummyFB_1_1"/><eq_pterm ptindx="DummyFB_1_2"/></d2></equation></unmapped_eqn><pterm id="DummyFB_1_1"><signal id="XLXI_36XLXN_15_SPECSIG"/></pterm><pterm id="DummyFB_1_2"><signal id="XLXI_36XLXN_16_SPECSIG"/></pterm><unmapped_eqn iostd="LVCMOS18" output="ON" pinnum="P6" sigUse="2"><equation id="b0"><d2><eq_pterm ptindx="DummyFB_1_1"/><eq_pterm ptindx="DummyFB_1_2"/></d2></equation></unmapped_eqn><pterm id="DummyFB_1_1"><signal id="XLXI_38XLXN_15_SPECSIG"/></pterm><pterm id="DummyFB_1_2"><signal id="XLXI_38XLXN_16_SPECSIG"/></pterm><unmapped_eqn iostd="LVCMOS18" output="ON" pinnum="P32" sigUse="2"><equation id="b1"><d2><eq_pterm ptindx="DummyFB_1_1"/><eq_pterm ptindx="DummyFB_1_2"/></d2></equation></unmapped_eqn><pterm id="DummyFB_1_1"><signal id="B7_SPECSIG"/></pterm><pterm id="DummyFB_1_2"><signal id="XLXI_36XLXN_26_SPECSIG"/></pterm><unmapped_eqn iostd="LVCMOS18" output="ON" pinnum="P13" sigUse="2"><equation id="e0"><d2><eq_pterm ptindx="DummyFB_1_1"/><eq_pterm ptindx="DummyFB_1_2"/></d2></equation></unmapped_eqn><pterm id="DummyFB_1_1"><signal id="B3_SPECSIG"/></pterm><pterm id="DummyFB_1_2"><signal id="XLXI_38XLXN_26_SPECSIG"/></pterm><unmapped_eqn iostd="LVCMOS18" output="ON" pinnum="P34" sigUse="2"><equation id="e1"><d2><eq_pterm ptindx="DummyFB_1_1"/><eq_pterm ptindx="DummyFB_1_2"/></d2></equation></unmapped_eqn><pterm id="DummyFB_1_1"><signal id="XLXI_36XLXN_32_SPECSIG"/></pterm><pterm id="DummyFB_1_2"><signal id="XLXI_36XLXN_33_SPECSIG"/></pterm><unmapped_eqn iostd="LVCMOS18" output="ON" pinnum="P16" sigUse="2"><equation id="g0"><d2><eq_pterm ptindx="DummyFB_1_1"/><eq_pterm ptindx="DummyFB_1_2"/></d2></equation></unmapped_eqn><pterm id="DummyFB_1_1"><signal id="XLXI_38XLXN_32_SPECSIG"/></pterm><pterm id="DummyFB_1_2"><signal id="XLXI_38XLXN_33_SPECSIG"/></pterm><unmapped_eqn iostd="LVCMOS18" output="ON" pinnum="P38" sigUse="2"><equation id="g1"><d2><eq_pterm ptindx="DummyFB_1_1"/><eq_pterm ptindx="DummyFB_1_2"/></d2></equation></unmapped_eqn><unmapped_eqn iostd="LVCMOS18" output="ON" sigUse="0"><equation id="Rx_CLR"><d2><eq_pterm ptindx="GND"/></d2></equation></unmapped_eqn><unmapped_input id="Rx_Serial" pinnum="P27"/><unmapped_input id="CLK" pinnum="P29"/></unmapped_logic><vcc/><gnd/><messages><error>Cpld - Unable to retrieve the path to the iSE Project Repository. Will   use the default filename of 'Combined.ise'.</error><error>Cpld:848 - Insufficient number of output pins.  This design needs at least   36 but only 33 left after allocating other resources.</error><error>Cpld:29 - Device XC2C64A-7-VQ44 was disqualified.</error><error>Cpld - The design requires too many resources to fit in any of the   specified devices or design rule checks prevent this design from fitting.</error><warning>Cpld:868 - Cannot fit the design into any of the specified devices with   the selected implementation options.</warning></messages><compOpts blkfanin="38" datagate="ON" exhaust="OFF" gclkopt="ON" gsropt="ON" gtsopt="ON" ignoredg="OFF" ignorets="OFF" inputs="32" inreg="ON" iostd="LVCMOS18" keepio="OFF" loc="ON" mlopt="ON" optimize="DENSITY" part="xc2c64a-7-VQ44" prld="LOW" pterms="28" slew="FAST" terminate="KEEPER" unused="KEEPER" wysiwyg="OFF"/><specSig signal="XLXI_21XLXN_38_SPECSIG" value="XLXI_21/XLXN_38"/><specSig signal="XLXI_21XLXN_39_SPECSIG" value="XLXI_21/XLXN_39"/><specSig signal="XLXI_21XLXN_40_SPECSIG" value="XLXI_21/XLXN_40"/><specSig signal="XLXI_21XLXN_63_SPECSIG" value="XLXI_21/XLXN_63"/><specSig signal="XLXI_21XLXN_64_SPECSIG" value="XLXI_21/XLXN_64"/><specSig signal="XLXI_21XLXN_65_SPECSIG" value="XLXI_21/XLXN_65"/><specSig signal="XLXI_21XLXN_66_SPECSIG" value="XLXI_21/XLXN_66"/><specSig signal="XLXI_21XLXN_67_SPECSIG" value="XLXI_21/XLXN_67"/><specSig signal="XLXI_21XLXN_71_SPECSIG" value="XLXI_21/XLXN_71"/><specSig signal="XLXI_27Q1_SPECSIG" value="XLXI_27/Q1"/><specSig signal="XLXI_27Q2_SPECSIG" value="XLXI_27/Q2"/><specSig signal="XLXI_27Q3_SPECSIG" value="XLXI_27/Q3"/><specSig signal="XLXI_27XLXN_53_SPECSIG" value="XLXI_27/XLXN_53"/><specSig signal="XLXI_27XLXN_54_SPECSIG" value="XLXI_27/XLXN_54"/><specSig signal="XLXI_27XLXN_55_SPECSIG" value="XLXI_27/XLXN_55"/><specSig signal="XLXI_27XLXN_77_SPECSIG" value="XLXI_27/XLXN_77"/><specSig signal="XLXI_27XLXN_78_SPECSIG" value="XLXI_27/XLXN_78"/><specSig signal="XLXI_36XLXN_13_SPECSIG" value="XLXI_36/XLXN_13"/><specSig signal="XLXI_36XLXN_14_SPECSIG" value="XLXI_36/XLXN_14"/><specSig signal="XLXI_36XLXN_15_SPECSIG" value="XLXI_36/XLXN_15"/><specSig signal="XLXI_36XLXN_16_SPECSIG" value="XLXI_36/XLXN_16"/><specSig signal="XLXI_36XLXN_18_SPECSIG" value="XLXI_36/XLXN_18"/><specSig signal="XLXI_36XLXN_19_SPECSIG" value="XLXI_36/XLXN_19"/><specSig signal="XLXI_36XLXN_20_SPECSIG" value="XLXI_36/XLXN_20"/><specSig signal="XLXI_36XLXN_26_SPECSIG" value="XLXI_36/XLXN_26"/><specSig signal="XLXI_36XLXN_28_SPECSIG" value="XLXI_36/XLXN_28"/><specSig signal="XLXI_36XLXN_29_SPECSIG" value="XLXI_36/XLXN_29"/><specSig signal="XLXI_36XLXN_31_SPECSIG" value="XLXI_36/XLXN_31"/><specSig signal="XLXI_36XLXN_32_SPECSIG" value="XLXI_36/XLXN_32"/><specSig signal="XLXI_36XLXN_33_SPECSIG" value="XLXI_36/XLXN_33"/><specSig signal="XLXI_38XLXN_13_SPECSIG" value="XLXI_38/XLXN_13"/><specSig signal="XLXI_38XLXN_14_SPECSIG" value="XLXI_38/XLXN_14"/><specSig signal="XLXI_38XLXN_15_SPECSIG" value="XLXI_38/XLXN_15"/><specSig signal="XLXI_38XLXN_16_SPECSIG" value="XLXI_38/XLXN_16"/><specSig signal="XLXI_38XLXN_18_SPECSIG" value="XLXI_38/XLXN_18"/><specSig signal="XLXI_38XLXN_19_SPECSIG" value="XLXI_38/XLXN_19"/><specSig signal="XLXI_38XLXN_20_SPECSIG" value="XLXI_38/XLXN_20"/><specSig signal="XLXI_38XLXN_26_SPECSIG" value="XLXI_38/XLXN_26"/><specSig signal="XLXI_38XLXN_28_SPECSIG" value="XLXI_38/XLXN_28"/><specSig signal="XLXI_38XLXN_29_SPECSIG" value="XLXI_38/XLXN_29"/><specSig signal="XLXI_38XLXN_31_SPECSIG" value="XLXI_38/XLXN_31"/><specSig signal="XLXI_38XLXN_32_SPECSIG" value="XLXI_38/XLXN_32"/><specSig signal="XLXI_38XLXN_33_SPECSIG" value="XLXI_38/XLXN_33"/><specSig signal="XLXI_41XLXI_1Q0_SPECSIG" value="XLXI_41/XLXI_1/Q0"/><specSig signal="XLXI_41XLXI_1Q1_SPECSIG" value="XLXI_41/XLXI_1/Q1"/><specSig signal="XLXI_41XLXI_1Q2_SPECSIG" value="XLXI_41/XLXI_1/Q2"/><specSig signal="XLXI_41XLXI_1Q3_SPECSIG" value="XLXI_41/XLXI_1/Q3"/><specSig signal="XLXI_41XLXI_1T2_SPECSIG" value="XLXI_41/XLXI_1/T2"/><specSig signal="XLXI_41XLXI_1T3_SPECSIG" value="XLXI_41/XLXI_1/T3"/><specSig signal="XLXI_42XLXI_1Q0_SPECSIG" value="XLXI_42/XLXI_1/Q0"/><specSig signal="XLXI_42XLXI_1Q1_SPECSIG" value="XLXI_42/XLXI_1/Q1"/><specSig signal="XLXI_42XLXI_1Q2_SPECSIG" value="XLXI_42/XLXI_1/Q2"/><specSig signal="XLXI_42XLXI_1Q3_SPECSIG" value="XLXI_42/XLXI_1/Q3"/><specSig signal="XLXI_42XLXI_1T2_SPECSIG" value="XLXI_42/XLXI_1/T2"/><specSig signal="XLXI_42XLXI_1T3_SPECSIG" value="XLXI_42/XLXI_1/T3"/><specSig signal="SR0_SPECSIG" value="SR&lt;0&gt;"/><specSig signal="SR1_SPECSIG" value="SR&lt;1&gt;"/><specSig signal="SR2_SPECSIG" value="SR&lt;2&gt;"/><specSig signal="SR3_SPECSIG" value="SR&lt;3&gt;"/><specSig signal="SR4_SPECSIG" value="SR&lt;4&gt;"/><specSig signal="SR5_SPECSIG" value="SR&lt;5&gt;"/><specSig signal="SR6_SPECSIG" value="SR&lt;6&gt;"/><specSig signal="SR7_SPECSIG" value="SR&lt;7&gt;"/><specSig signal="B4_SPECSIG" value="B&lt;4&gt;"/><specSig signal="B5_SPECSIG" value="B&lt;5&gt;"/><specSig signal="B6_SPECSIG" value="B&lt;6&gt;"/><specSig signal="B7_SPECSIG" value="B&lt;7&gt;"/><specSig signal="B0_SPECSIG" value="B&lt;0&gt;"/><specSig signal="B1_SPECSIG" value="B&lt;1&gt;"/><specSig signal="B2_SPECSIG" value="B&lt;2&gt;"/><specSig signal="B3_SPECSIG" value="B&lt;3&gt;"/></document>
